{
    "MSE": 0.39002514396395493,
    "R2_Score": 0.403180341279622
}